{
    "name": "root",
    "metadata": {
        "timer_format_version": "0.1.0",
        "start_time_seconds": "1681317456",
        "python_version": "3.9.0 (tags/v3.9.0:9cf6752, Oct  5 2020, 15:34:40) [MSC v.1927 64 bit (AMD64)]",
        "command_line_arguments": "C:\\Users\\Alex\\python-envs\\mlAgent-env\\Scripts\\mlagents-learn Rabbit.yaml --run-id=bugs-Test05",
        "mlagents_version": "0.30.0",
        "mlagents_envs_version": "0.30.0",
        "communication_protocol_version": "1.5.0",
        "pytorch_version": "1.7.1+cu110",
        "numpy_version": "1.21.2",
        "end_time_seconds": "1681317615"
    },
    "total": 158.50592980000002,
    "count": 1,
    "self": 0.0047773000000006505,
    "children": {
        "run_training.setup": {
            "total": 0.12299529999999992,
            "count": 1,
            "self": 0.12299529999999992
        },
        "TrainerController.start_learning": {
            "total": 158.3781572,
            "count": 1,
            "self": 0.08735590000054572,
            "children": {
                "TrainerController._reset_env": {
                    "total": 10.1958705,
                    "count": 1,
                    "self": 10.1958705
                },
                "TrainerController.advance": {
                    "total": 147.86909799999944,
                    "count": 4037,
                    "self": 0.04151899999919806,
                    "children": {
                        "env_step": {
                            "total": 147.82757900000024,
                            "count": 4037,
                            "self": 114.44860210000044,
                            "children": {
                                "SubprocessEnvManager._take_step": {
                                    "total": 33.32233219999977,
                                    "count": 4037,
                                    "self": 0.23171309999934664,
                                    "children": {
                                        "TorchPolicy.evaluate": {
                                            "total": 33.090619100000424,
                                            "count": 4037,
                                            "self": 33.090619100000424
                                        }
                                    }
                                },
                                "workers": {
                                    "total": 0.05664470000002275,
                                    "count": 4036,
                                    "self": 0.0,
                                    "children": {
                                        "worker_root": {
                                            "total": 86.73681339999985,
                                            "count": 4036,
                                            "is_parallel": true,
                                            "self": 38.48517029999977,
                                            "children": {
                                                "steps_from_proto": {
                                                    "total": 0.015963199999999844,
                                                    "count": 1,
                                                    "is_parallel": true,
                                                    "self": 0.00017380000000066786,
                                                    "children": {
                                                        "_process_maybe_compressed_observation": {
                                                            "total": 0.01567269999999965,
                                                            "count": 2,
                                                            "is_parallel": true,
                                                            "self": 2.789999999919246e-05,
                                                            "children": {
                                                                "_observation_to_np_array": {
                                                                    "total": 0.01564480000000046,
                                                                    "count": 1,
                                                                    "is_parallel": true,
                                                                    "self": 2.1300000000223918e-05,
                                                                    "children": {
                                                                        "process_pixels": {
                                                                            "total": 0.015623500000000234,
                                                                            "count": 1,
                                                                            "is_parallel": true,
                                                                            "self": 0.0001508000000001175,
                                                                            "children": {
                                                                                "image_decompress": {
                                                                                    "total": 0.015472700000000117,
                                                                                    "count": 1,
                                                                                    "is_parallel": true,
                                                                                    "self": 0.015472700000000117
                                                                                }
                                                                            }
                                                                        }
                                                                    }
                                                                }
                                                            }
                                                        },
                                                        "_process_rank_one_or_two_observation": {
                                                            "total": 0.00011669999999952552,
                                                            "count": 2,
                                                            "is_parallel": true,
                                                            "self": 0.00011669999999952552
                                                        }
                                                    }
                                                },
                                                "UnityEnvironment.step": {
                                                    "total": 48.23567990000007,
                                                    "count": 4036,
                                                    "is_parallel": true,
                                                    "self": 0.2823167000003366,
                                                    "children": {
                                                        "UnityEnvironment._generate_step_input": {
                                                            "total": 0.2626509999999662,
                                                            "count": 4036,
                                                            "is_parallel": true,
                                                            "self": 0.2626509999999662
                                                        },
                                                        "communicator.exchange": {
                                                            "total": 45.743594999999964,
                                                            "count": 4036,
                                                            "is_parallel": true,