{
    "name": "root",
    "metadata": {
        "timer_format_version": "0.1.0",
        "start_time_seconds": "1681317110",
        "python_version": "3.9.0 (tags/v3.9.0:9cf6752, Oct  5 2020, 15:34:40) [MSC v.1927 64 bit (AMD64)]",
        "command_line_arguments": "C:\\Users\\Alex\\python-envs\\mlAgent-env\\Scripts\\mlagents-learn Rabbit.yaml --run-id=bugs-Test03",
        "mlagents_version": "0.30.0",
        "mlagents_envs_version": "0.30.0",
        "communication_protocol_version": "1.5.0",
        "pytorch_version": "1.7.1+cu110",
        "numpy_version": "1.21.2",
        "end_time_seconds": "1681317220"
    },
    "total": 109.7286618,
    "count": 1,
    "self": 0.024477399999994987,
    "children": {
        "run_training.setup": {
            "total": 0.12447799999999987,
            "count": 1,
            "self": 0.12447799999999987
        },
        "TrainerController.start_learning": {
            "total": 109.5797064,
            "count": 1,
            "self": 0.07051090000011584,
            "children": {
                "TrainerController._reset_env": {
                    "total": 6.5593364,
                    "count": 1,
                    "self": 6.5593364
                },
                "TrainerController.advance": {
                    "total": 102.60666549999988,
                    "count": 2889,
                    "self": 0.028903799999994817,
                    "children": {
                        "env_step": {
                            "total": 102.57776169999988,
                            "count": 2889,
                            "self": 77.2617476999999,
                            "children": {
                                "SubprocessEnvManager._take_step": {
                                    "total": 25.27585439999997,
                                    "count": 2889,
                                    "self": 0.17444109999951252,
                                    "children": {
                                        "TorchPolicy.evaluate": {
                                            "total": 25.10141330000046,
                                            "count": 2887,
                                            "self": 25.10141330000046
                                        }
                                    }
                                },
                                "workers": {
                                    "total": 0.04015960000000618,
                                    "count": 2888,
                                    "self": 0.0,
                                    "children": {
                                        "worker_root": {
                                            "total": 90.64969709999971,
                                            "count": 2888,
                                            "is_parallel": true,
                                            "self": 30.7190647999998,
                                            "children": {
                                                "steps_from_proto": {
                                                    "total": 0.07007159999999946,
                                                    "count": 1,
                                                    "is_parallel": true,
                                                    "self": 0.0012729999999989694,
                                                    "children": {
                                                        "_process_maybe_compressed_observation": {
                                                            "total": 0.06598640000000033,
                                                            "count": 2,
                                                            "is_parallel": true,
                                                            "self": 3.1100000000616745e-05,
                                                            "children": {
                                                                "_observation_to_np_array": {
                                                                    "total": 0.06595529999999972,
                                                                    "count": 1,
                                                                    "is_parallel": true,
                                                                    "self": 2.309999999949852e-05,
                                                                    "children": {
                                                                        "process_pixels": {
                                                                            "total": 0.06593220000000022,
                                                                            "count": 1,
                                                                            "is_parallel": true,
                                                                            "self": 0.0013114000000000736,
                                                                            "children": {
                                                                                "image_decompress": {
                                                                                    "total": 0.06462080000000014,
                                                                                    "count": 1,
                                                                                    "is_parallel": true,
                                                                                    "self": 0.06462080000000014
                                                                                }
                                                                            }
                                                                        }
                                                                    }
                                                                }
                                                            }
                                                        },
                                                        "_process_rank_one_or_two_observation": {
                                                            "total": 0.0028122000000001535,
                                                            "count": 2,
                                                            "is_parallel": true,
                                                            "self": 0.0028122000000001535
                                                        }
                                                    }
                                                },
                                                "UnityEnvironment.step": {
                                                    "total": 59.860560699999915,
                                                    "count": 2888,
                                                    "is_parallel": true,
                                                    "self": 0.2177780000000169,
                                                    "children": {
                                                        "UnityEnvironment._generate_step_input": {
                                                            "total": 0.1972155000000324,
                                                            "count": 2888,
                                                            "is_parallel": true,
                                                            "self": 0.1972155000000324
                                                        },
                                                        "communicator.exchange": {
                                                            "total": 58.009478000000186,
                                                            "count": 2888,
                                                            "is_parallel": true,